Species,Stand,Age,Tree_ID,N,BD1,BD2,BC,Ht,CD1,CD2,CC,DBH1,DBH2,DBH3,DBH4,DBH5,DBH6,DBH7,DBH8,Dry_Trunk,Dry_Branches,Dry_Wood,Dry_Leaves,Total_AGB,Dry_RB,Dry_CMR,Total_BGB
Argan,A07S02,18,4_13,1,20,17,52,2.15,3.5,2.6,7.6,0,0,0,0,0,0,0,0,10.24163839,11.92902992,22.1706683,2.995098269,25.16576657,,,
Argan,A07S02,18,2_6,1,19,18,61,1.9,3.5,3.1,7.5,0,0,0,0,0,0,0,0,11.6064722,18.27219365,29.87866584,3.987393225,33.86605907,,,
Argan,A07S02,18,1_7,1,19,19,66,2.9,5.2,4.3,13.3,0,0,0,0,0,0,0,0,30.80175656,17.36346987,48.16522643,8.265359244,56.43058567,18.82304516,5.595753715,24.41879888
Argan,A07S02,18,5_6,1,14.5,13,53,2.45,3.5,3.8,9.5,0,0,0,0,0,0,0,0,11.56844167,10.66371061,22.23215229,3.104991294,25.33714358,,,
Argan,A07S02,18,6_7,1,16,11,47,1.7,2.1,2.45,5.5,0,0,0,0,0,0,0,0,5.712463615,7.366633799,13.07909741,2.149716605,15.22881402,,,
Argan,A07S02,18,5_7,1,13.5,13,44,3.35,4.6,3.4,11.1,0,0,0,0,0,0,0,0,14.33180472,17.24853414,31.58033886,2.85603139,34.43637025,9.931908207,4.572243346,14.50415155
Argan,A07S02,18,2_5,1,9.5,8.5,30,2.1,3.1,2.5,6.8,0,0,0,0,0,0,0,0,4.243033175,9.635562924,13.8785961,2.324119965,16.20271607,,,
Argan,A07S02,18,4_11,1,8,7,27,1.95,2.2,1.9,5,0,0,0,0,0,0,0,0,2.087252303,6.473284314,8.560536616,0.667538369,9.228074985,,,
Argan,A07S02,18,6_1,1,13.5,13,44,3.35,4.6,3.4,11.1,0,0,0,0,0,0,0,0,8.36227221,8.781217191,17.1434894,2.891896034,20.03538543,,,
Argan,A07S02,18,3_10,1,19,18.5,63,2.4,3.4,3,9,0,0,0,0,0,0,0,0,13.26879085,17.95032792,31.21911877,3.073965091,34.29308386,,,
Argan,A07S02,18,3_3,2,21.5,17,60,1.8,2.4,2.2,4.9,0,0,0,0,0,0,0,0,3.2918771,7.616263941,10.90814104,1.623143794,12.53128483,,,
Argan,A07S02,18,3_8,2,22,16,66,2.9,2.8,2.55,6.1,0,0,0,0,0,0,0,0,6.515320902,12.47370953,18.98903044,1.946690799,20.93572124,,,
Argan,A07S02,18,6_9,1,15,14,52,2.2,2.6,2.3,5.5,0,0,0,0,0,0,0,0,13.27813988,9.276319055,22.55445893,5.95032589,28.50478482,,,
Argan,A07S02,18,2_3,1,15,13,44,1.8,3,2.5,6.4,0,0,0,0,0,0,0,0,5.574814919,13.69021535,19.26503027,2.277529376,21.54255965,,,
Argan,A07S02,18,6_11,1,17,11.5,51,2.55,2.65,2.7,6.3,0,0,0,0,0,0,0,0,11.65619568,10.84816187,22.50435756,2.332538026,24.83689559,,,
Argan,A07S02,18,5_3,1,11,9,39,2.2,2.6,2.25,6.6,0,0,0,0,0,0,0,0,2.923276003,6.467067688,9.390343692,0.546558727,9.936902419,,,
Argan,A16S03,9,1_3,2,23,15,85,1.1,1.2,0.8,2,0,0,0,0,0,0,0,0,0.995439829,0,0.995439829,0.179,1.174439829,,,
Argan,A16S03,9,2_4,2,25,16,78,0.85,1.4,1,2.8,0,0,0,0,0,0,0,0,0.852414211,0,0.852414211,0.264792176,1.117206387,,,
Argan,A16S03,9,1_10,2,33,12,83,1.4,2.7,2.2,6.3,0,0,0,0,0,0,0,0,3.665951904,3.342462366,7.008414269,3.299356714,10.30777098,,,
Argan,A16S03,9,2_2,1,17,15,57,0.95,0.8,0.7,1.5,0,0,0,0,0,0,0,0,0.179845501,0,0.179845501,0.6689747,0.848820201,,,
Argan,A16S04,9,5_2,1,7,4,18,0.96,1,0.9,2,0,0,0,0,0,0,0,0,0.412383205,0,0.412383205,0.263964809,0.676348014,,,
Argan,A16S04,9,3_8,2,10,2,25,0.8,1,1.35,2.2,0,0,0,0,0,0,0,0,0.230614146,0,0.230614146,0.253197483,0.483811629,,,
Argan,A16S04,9,2_13,1,7,4,27,1.3,1.4,1.2,1.7,0,0,0,0,0,0,0,0,0.309312234,0,0.309312234,0.130251479,0.439563713,,,
Argan,A16S04,9,2_11,1,5,3,20,1.2,0.9,0.8,2,0,0,0,0,0,0,0,0,0.553367013,0,0.553367013,0.428039655,0.981406668,0.354590418,0.142509014,0.497099431
Argan,A16S04,9,2_7,1,5,3,28,0.65,0.6,0.54,1.4,0,0,0,0,0,0,0,0,0.220064554,0,0.220064554,0.138326653,0.358391207,,,
Argan,A16S04,9,4_6,1,4.3,3,17,1.51,1.52,1.44,3.8,0,0,0,0,0,0,0,0,0.557304268,0,0.557304268,0.293248557,0.850552825,,,
Argan,A16S04,9,1_9,1,1,1,6,1,0.8,0.7,1.7,0,0,0,0,0,0,0,0,0.235097561,0,0.235097561,0.08897139,0.324068951,,,
Argan,A16S04,9,2_3,1,2,1,13,0.4,0.4,0.45,1,0,0,0,0,0,0,0,0,0.248275619,0,0.248275619,0.145420303,0.393695922,0.10732,0.067834944,0.175154944
Argan,A16S04,9,2_14,1,2,3,11,1.4,1.2,0.8,1.6,0,0,0,0,0,0,0,0,0.611914601,0,0.611914601,0.114366516,0.726281117,,,
Argan,A16S04,9,3_6,2,10,4,32,1.1,0.9,0.8,1.3,0,0,0,0,0,0,0,0,0.410164051,0,0.410164051,0.316152643,0.726316694,,,
Argan,A07S05,18,1_11,3,33,24,86,3.3,1,0.8,7.4,0,0,0,0,0,0,0,0,33.225,13.958,47.183,12.4929,59.6759,21.44978685,2.281070072,23.73085692
Argan,A07S05,18,1_7,1,22,20,73,2.7,2.6,1.6,10.2,0,0,0,0,0,0,0,0,10,6.059,16.059,1.217102804,17.2761028,,,
Argan,A07S05,18,1_8,2,30,26,84,3,1.7,1.6,10.3,0,0,0,0,0,0,0,0,30.85,28.749,59.599,8.765,68.364,19.13563217,16.38317563,35.5188078
Argan,A14S01,11,2_5,1,12,9,34,1.2,0.6,0.9,2.4,0,0,0,0,0,0,0,0,0.800205605,0,0.800205605,0.193450071,0.993655676,0.411590262,0.409801634,0.821391896
Argan,A14S01,11,1_8,1,13,12,52,1.05,1.35,1.25,3.3,0,0,0,0,0,0,0,0,1.143258427,0,1.143258427,0.297060811,1.440319238,,,
Argan,A14S01,11,1_14,1,12,9,39,1.85,2.4,2.1,5.9,0,0,0,0,0,0,0,0,4.134391851,2.233717778,6.36810963,2.649597034,9.017706664,,,
Argan,A14S01,11,3_11,1,9,7,27,1.45,1.9,1.7,3.9,0,0,0,0,0,0,0,0,0.788409428,1.181589324,1.969998751,0.85593536,2.825934111,,,
Argan,A14S01,11,2_8,1,9,7,35,0.6,0.95,0.8,2.8,0,0,0,0,0,0,0,0,0.585261685,0,0.585261685,0.210466179,0.795727864,,,
Argan,A14S01,11,1_6,2,8,7.2,60,2.95,3.3,2.7,7.6,0,0,0,0,0,0,0,0,4.854265104,7.208647504,12.06291261,1.975562347,14.03847496,3.48247619,1.678280686,5.160756876
Argan,A14S01,11,4_5,1,5,4,20,1.2,1.5,1.1,3,0,0,0,0,0,0,0,0,0.250987269,0.738132663,0.989119932,0.222011385,1.211131317,,,
Argan,A14S01,11,5_11,1,3,2,10,0.8,0.7,0.7,1.42,0,0,0,0,0,0,0,0,0.24050995,0,0.24050995,0.090662824,0.331172774,,,
Argan,A14S01,11,4_8,1,7,4,21,1.9,1.5,1.1,3.2,0,0,0,0,0,0,0,0,0.294161349,0.485772047,0.779933396,0.361428571,1.141361967,,,
Argan,A14S01,11,4_7,3,11,10,36,1.6,1.5,1.3,3.2,0,0,0,0,0,0,0,0,1.24551676,1.678263605,2.923780365,0.457661773,3.381442138,,,
Carob,C07S01,18,2_6,10,54,53,330,3.95,4.4,2.6,6.7,0,0,0,0,0,0,0,0,18.26445851,18.40734559,36.6718041,4.626480896,41.298285,,,
Carob,C07S01,18,4_6,5,45,67,192,3.1,2.4,1.8,5.75,0,0,0,0,0,0,0,0,9.465478502,7.815108163,17.28058666,4.079653309,21.36023997,,,
Carob,C07S01,18,2_8,14,51,55,230,4.5,4.1,3.9,11.1,0,0,0,0,0,0,0,0,41.31589542,27.20945543,68.52535086,9.16825,77.69360086,,,
Carob,C07S01,18,3_7,5,42,40,180,3.9,5.35,5.4,15.5,0,0,0,0,0,0,0,0,61.09397849,36.48253509,97.57651359,25.90967742,123.486191,,,
Carob,C07S01,18,2_7,13,43,35,640,3.3,3.9,2.3,9.3,0,0,0,0,0,0,0,0,16.30859044,26.30968897,42.61827941,5.400263543,48.01854295,,,
Carob,C07S01,18,3_6,10,47,38,160,4.4,5.9,5.4,16.3,0,0,0,0,0,0,0,0,63.6260896,43.35177626,106.9778659,18.03384168,125.0117076,,,
Carob,C07S01,18,4_3,3,33,29,225,3.9,4.4,4.3,12,0,0,0,0,0,0,0,0,28.33528376,27.00079994,55.33608371,8.613253269,63.94933698,,,
Carob,C07S01,18,4_8,2,20,18,97,1.8,1.5,1.4,3.85,0,0,0,0,0,0,0,0,3.559276923,2.894592468,6.453869391,0.302276331,6.756145722,,,
Carob,C07S01,18,1_7,4,34,32,120,4.4,4.3,3.8,11.3,0,0,0,0,0,0,0,0,18.21638865,12.77049386,30.98688251,6.834704377,37.82158689,,,
Carob,C07S01,18,3_5,8,54,54,280,3.7,3.6,2.7,8.7,0,0,0,0,0,0,0,0,23.33666618,18.33544981,41.67211599,9.889218532,51.56133452,,,
Carob,C07S01,18,2_9,22,56,58,310,2.2,2,1.55,3.4,0,0,0,0,0,0,0,0,4.932482881,14.61937539,19.55185827,2.72675,22.27860827,,,
Carob,C07S01,18,5_7,2,56,50,180,5.15,4,3.9,10.1,0,0,0,0,0,0,0,0,44.39113524,19.61632753,64.00746277,3.619888829,67.6273516,,,
Carob,C07S01,18,1_5,12,38,46,190,3.7,4.5,2.75,11.3,0,0,0,0,0,0,0,0,24.20765203,19.00071365,43.20836568,7.034910926,50.24327661,,,
Carob,C07S01,18,1_1,6,41,40,170,3.25,3.6,2.05,9,0,0,0,0,0,0,0,0,8.596744724,6.72572712,15.32247184,3.166358696,18.48883054,,,
Carob,C07S01,18,1_6,10,47,40,250,4.7,4.2,5.6,16,0,0,0,0,0,0,0,0,64.67591446,48.56734357,113.243258,8.907442942,122.1507009,,,
Carob,C07S02,18,3_12,19,55,47,180,3.1,2.96,2.73,7.22,0,0,0,0,0,0,0,0,5.767086713,7.417492363,13.18457908,1.94,15.12457908,,,
Carob,C07S02,18,4_8,17,76,38,189,2.6,2.7,2.45,6.9,0,0,0,0,0,0,0,0,6.340153649,7.669809304,14.00996295,1.620068207,15.63003116,,,
Carob,C07S02,18,4_9,20,60,49,165,3.6,3.65,3.76,11.5,0,0,0,0,0,0,0,0,19.00513682,16.89800757,35.90314439,4.131959911,40.0351043,,,
Carob,C07S02,18,4_2,13,42,35,130,3.25,2.65,3.3,8.2,0,0,0,0,0,0,0,0,14.49489015,18.27874016,32.77363031,3.53792489,36.3115552,,,
Carob,C07S02,18,3_7,15,40,39,190,2.95,2.8,2.25,5.86,0,0,0,0,0,0,0,0,4.196679158,4.110312681,8.306991839,0.800391205,9.107383044,9.539162234,3.224901871,12.76406411
Carob,C07S02,18,2_13,9,45,38,135,5.2,5.71,5.1,13.4,0,0,0,0,0,0,0,0,55.41421875,32.3825,87.79671875,7.59194332,95.38866207,,,
Carob,C07S02,18,1_1,13,36,30,116,3.16,3.03,2.8,6.2,0,0,0,0,0,0,0,0,7.286775362,7.05361809,14.34039345,1.336556506,15.67694996,,,
Carob,C07S02,18,1_9,2,14,9,39,2.29,2.76,2.58,7.9,0,0,0,0,0,0,0,0,5.859969633,7.735369683,13.59533932,1.784886782,15.3802261,,,
Carob,C07S02,18,4_6,1,17,16,54,4.6,2.47,2.3,6.2,0,0,0,0,0,0,0,0,13.73462669,9.179116623,22.91374331,3.236884582,26.15062789,25.08123077,7.076333474,32.15756424
Carob,C07S02,18,3_4,16,54,49,185,3.2,2.7,2.62,6.4,0,0,0,0,0,0,0,0,8.272748327,7.637360067,15.91010839,1.931418996,17.84152739,,,
Carob,C07S03,18,1_4,2,51,36,310,2.3,2.93,2.61,6.5,0,0,0,0,0,0,0,0,6.580992494,9.228893124,15.80988562,1.940670764,17.75055638,,,
Carob,C07S03,18,3_6,15,47,37,134,3.2,3.95,4.28,11.45,0,0,0,0,0,0,0,0,28.78678938,22.5060456,51.29283498,8.235051458,59.52788644,,,
Carob,C07S03,18,3_2,8,47,27,130,2.84,2.95,2.55,7.45,0,0,0,0,0,0,0,0,14.22578947,11.18036396,25.40615343,3.433060556,28.83921399,,,
Carob,C07S03,18,2_2,6,44,32,165,2.17,2.03,1.95,4.7,0,0,0,0,0,0,0,0,4.616823358,4.72645475,9.343278108,1.080612245,10.42389035,,,
Carob,C07S03,18,2_6,12,47,40,150,3.6,5,4.9,12.75,0,0,0,0,0,0,0,0,39.71248473,21.16381472,60.87629945,7.672539994,68.54883944,,,
Carob,C07S03,18,3_4,5,21,20,83,2.9,3.47,3.43,7.1,0,0,0,0,0,0,0,0,5.531315519,8.628709005,14.16002452,1.600137652,15.76016217,,,
Carob,C13S04,12,3_3,8,30,30,109,2.4,2.5,2.4,6.5,0,0,0,0,0,0,0,0,5.557944218,9.215161708,14.77310593,2.728729995,17.50183593,11.35580305,3.512151771,14.86795482
Carob,C13S04,12,1_4,2,31,10,85,2.24,1.2,0.85,2.24,0,0,0,0,0,0,0,0,1.7429661,0,1.7429661,0.263412652,2.006378752,,,
Carob,C13S04,12,2_1,2,25.8,17,79,3.5,3,2.8,8.3,0,0,0,0,0,0,0,0,10.12817341,11.53542693,21.66360034,5.698941704,27.36254204,,,
Carob,C13S04,12,2_3,1,16,12,41,2.8,1.95,1.94,4.5,0,0,0,0,0,0,0,0,3.189858837,4.583188753,7.773047589,1.1230839,8.896131489,3.246188955,1.621194338,4.867383292
Carob,C13S04,12,2_2,2,17,14,44,1.7,1.16,1.1,3,0,0,0,0,0,0,0,0,3.670393701,0,3.670393701,0.757702395,4.428096096,,,
Carob,C13S04,12,2_10,1,13,19,54,3.25,3,2.7,7.1,0,0,0,0,0,0,0,0,14.14359184,8.008467764,22.1520596,4.94371645,27.09577605,10.09606075,2.722261976,12.81832273
Carob,C07S05,18,1_2,2,48,46,250,2.4,3.1,2.27,6.4,0,0,0,0,0,0,0,0,4.328968915,5.470826505,9.799795419,2.576374707,12.37617013,,,
Carob,C07S05,18,1_6,6,51,47,190,3.6,4.1,4.1,11.5,0,0,0,0,0,0,0,0,17.72905889,21.51303947,39.24209835,11.81903824,51.06113659,,,
Carob,C07S05,18,1_4,7,68,55,270,4.6,5.4,5.19,14.4,0,0,0,0,0,0,0,0,100.67453,77.55705,178.2315821,5.29425,183.5258321,,,
Carob,C07S06,18,1_3,9,62,52,190,3.95,7.1,6.9,21.3,0,0,0,0,0,0,0,0,94.180073,71.35556904,165.535642,36.15310666,201.6887487,,,
Carob,C07S06,18,2_3,7,59,44,120,3,4.5,3.75,12.5,0,0,0,0,0,0,0,0,29.32142248,29.16887632,58.4902988,6.752993593,65.24329239,17.69832067,4.100621976,21.79894265
Carob,C07S06,18,2_8,10,56.5,37,150,5.5,6.85,5.8,18.7,0,0,0,0,0,0,0,0,114.1358097,68.11361552,182.2494253,19.02967938,201.2791047,,,
Carob,C07S06,18,2_4,10,43,35,138,3.8,4,3.9,11.4,0,0,0,0,0,0,0,0,21.91940631,19.58462632,41.50403263,2.124794395,43.62882703,,,
Carob,C07S06,18,1_7,7,48,40,160,3.7,4.55,4.5,11.7,0,0,0,0,0,0,0,0,54.91066814,0,54.91066814,9.101457336,64.01212548,,,
Carob,C07S06,18,2_5,9,44,31.5,130,4.2,4.5,3.9,12.6,0,0,0,0,0,0,0,0,36.95711224,49.55096556,86.5080778,8.858402189,95.36647999,,,
Carob,C07S06,18,2_7,11,31,29,94,2.5,2.75,2.25,6,0,0,0,0,0,0,0,0,2.466779931,4.521568056,6.988347987,0.879844498,7.868192485,,,
Schinus,SM07S01,18,2_1,5,52,31,140,4.5,6.4,5.3,14.5,12,7,4,7,6,0,0,0,50.007,8.0706,58.0776,3.905635179,61.98323518,,,
Schinus,SM07S01,18,2_3,3,42,18,106,4.4,5.4,5.1,12,12,8.5,8,0,0,0,0,0,20.28333725,7.2241,27.51,2.345029611,29.85502961,,,
Schinus,SM07S01,18,1_1,5,37,32,103,3.3,5,4,12.5,7,7,5,4,0,0,0,0,9.34217845,6.969828541,16.31,0.43759352,16.74759352,,,
Schinus,SM07S01,18,2_6,2,19,17,61,5.4,4.7,3.4,6,8.5,4,0,0,0,0,0,0,8.054429949,3.319075212,11.37,0.786137566,12.15613757,,,
Schinus,SM07S01,18,1_6,3,60,21,149,3.85,5.4,3.7,11.6,9,6,4,0,0,0,0,0,20.63891145,17.59115245,38.23,2.006158083,40.23615808,,,
Schinus,SM07S02,18,2_1,3,25,40,110,4.1,3.7,3.4,8.9,9,8,0,0,0,0,0,0,24.56044967,14.72811177,39.29,2.073517301,41.3635173,,,
Schinus,SM07S02,18,2_3,2,25,28,87,4.1,4.5,4.1,9.2,10,9,9,0,0,0,0,0,29.4976674,9.237146925,38.73,1.545472991,40.27547299,,,
Schinus,SM07S02,18,1_1,2,33,28,107,2.9,2.35,2.3,6.9,8,7,0,0,0,0,0,0,14.28102041,7.956986042,22.24,4.698478642,26.93847864,,,
Schinus,SM07S02,18,2_6,3,38,25,117,4.84,4.8,3.6,9.5,15,7,0,0,0,0,0,0,26.32326356,14.07998843,40.4,3.011293588,43.41129359,,,
Schinus,SM07S02,18,1_6,1,18,13,56,4.1,2.7,2.2,6.2,9,0,0,0,0,0,0,0,11.82956689,6.210529734,18.04,0.787992989,18.82799299,14.93674961,12.89574468,27.83249429
Schinus,SM07S02,18,3_3,2,27,20,76,2.5,1.9,1.5,3,7,7,0,0,0,0,0,0,21.15512549,5.365675839,26.52,1.019270744,27.53927074,,,
Schinus,SM07S03,18,1_1,3,17,32,88,4.5,4,3.6,4.3,8,6.5,0,0,0,0,0,0,13.70218677,5.346903887,19.05,3.366769583,22.41676958,,,
Schinus,SM07S03,18,1_3,1,35,38,120,2.2,2.6,2.1,4.4,8,6,0,0,0,0,0,0,4.839209746,6.132823452,10.97,0.825042131,11.79504213,,,
Schinus,SM07S04,18,6_2,3,23,32,55,3.7,5.7,5,14.8,10,7,5,3.5,0,0,0,0,25.09061981,24.19281739,49.28,4.621118012,53.90111801,,,
Schinus,SM07S04,18,7_2,1,6,7,30,1.7,2.3,1.8,4.7,5,0,0,0,0,0,0,0,1.151846915,1.606153085,2.758,0.224994708,2.982994708,,,
Schinus,SM07S04,18,1_4,2,23,19,73,2.53,2.5,2.4,6.2,3,3,0,0,0,0,0,0,8.238,1.022,9.26,0.763340122,10.02334012,,,
Schinus,SM07S04,18,2_2,6,25,25,98,3.9,4.35,4.6,11.8,7,6,5,8,7,7,0,0,44.124,22.696,66.82,2.916853008,69.73685301,,,
Schinus,SM07S04,18,3_2,2,41,43,132,5.9,5.86,6.8,13.8,13,7.5,7,20,0,0,0,0,81.42031576,36.01028982,117.43,5.404494568,122.8344946,,,
Schinus,SM07S04,18,4_5,5,30,22,80,2.9,4,3.9,10.1,5,6,4,3,4,3,0,0,17.064,2.116,19.18,2.177551424,21.35755142,,,
Schinus,SM13S05,12,3_7,2,22,20,70,3.6,5.3,3.6,11.9,11,10,7,0,0,0,0,0,13.78484767,9.45606096,23.24,4.66039749,27.90039749,10.54272043,7.363113898,17.90583433
Schinus,SM13S05,12,2_2,3,27,20,77,3.1,4.5,4.48,11.5,10,6,5,4,0,0,0,0,9.585454545,11.0753667,20.66,3.002190227,23.66219023,,,
Schinus,SM13S05,12,5_6,2,9,8,33,2.1,3.5,3,11.7,0,0,0,0,0,0,0,0,2.942599362,4.028216341,6.97,1.521010717,8.491010717,,,
Schinus,SM13S05,12,5_7,1,16,15,55,3.9,5.2,4.2,8.8,7,8,5,0,0,0,0,0,6.240376007,6.581464843,12.82,2.883987784,15.70398778,,,
Schinus,SM13S05,12,5_4,2,17,16,60,3.2,4.9,4.8,11.1,10,9,0,0,0,0,0,0,14.41069201,12.05241587,26.46,1.443010167,27.90301017,7.114277479,8.348219919,15.4624974
Schinus,SM07S06,18,1_5,2,44,32,131,6.25,5.6,5.6,15.3,18,13,11.5,0,0,0,0,0,152.982,50.558,203.54,5.014206034,208.554206,,,
Schinus,SM07S06,18,1_8,1,21,19,67,4.2,4.1,4.2,9.9,13,0,0,0,0,0,0,0,38.928,9.012,47.94,4.150784,52.090784,,,
Schinus,SM07S06,18,1_1,4,52,49,179,5.6,7.2,6.4,16.6,11,14,12,5.5,0,0,0,0,116.232,26.188,142.42,6.95766601,149.377666,,,
Schinus,SM07S09,18,1_3,2,27,29,83,3.7,3.7,3.7,11.2,10,8,6,0,0,0,0,0,69.58,7.626,77.206,1.558327097,78.7643271,,,
Schinus,SM07S09,18,1_4,4,26,18,63,2.6,3.6,3.1,7.1,7,6,5,0,0,0,0,0,53.93,10.929,63.93,0.98786807,64.91786807,,,
Schinus,SM07S09,18,1_7,3,27,16,80,3.3,4,3.2,9.4,8.5,6,4,0,0,0,0,0,76.116,11.016,87.132,1.307881671,88.43988167,,,
Schinus,SM07S10,18,1_6,4,70.5,42,190,6,9.6,6.4,21.8,17.5,15,13,10,10,0,0,0,166.714,1.892,168.606,6.033172385,174.6391724,92.73695576,61.84193512,154.5788909
Schinus,SM07S10,18,1_1,4,46,32,130,5.7,7.6,6.8,18.7,15,12,9,0,0,0,0,0,173.3075,14.4985,187.806,7.8995,195.7055,35.64529506,35.18638775,70.8316828
Schinus,SM18S11,7,1_3,1,14,15,55,2.46,4.03,3.85,10.6,0,0,0,0,0,0,0,0,7.342910551,8.907995951,16.25,3.5905919,19.8405919,,,
Schinus,SM18S11,7,1_8,6,40,25,110,3.1,3.9,3.8,9.8,0,0,0,0,0,0,0,0,5.245817988,6.5956,11.84,2.432522715,14.27252272,,,
Schinus,SM18S11,7,2_1,3,15,19,50,1.85,2.4,2.18,5.3,0,0,0,0,0,0,0,0,2.855405257,0.004594743,2.86,0.88033293,3.74033293,,,
Schinus,SM18S11,7,2_6,2,17,8,49,1.7,2.3,1.98,5,0,0,0,0,0,0,0,0,1.109332087,1.900667913,3.01,0.766333333,3.776333333,,,
Schinus,SM18S11,7,3_1,5,12,18,57,2.5,3.7,3.4,9.3,0,0,0,0,0,0,0,0,4.215625552,0.592374448,4.808,3.856507517,8.664507517,,,
Schinus,SM18S11,7,3_2,3,18,28,51,2.45,3.95,3.5,9.3,0,0,0,0,0,0,0,0,4.482538057,5.317461943,9.8,4.093598339,13.89359834,,,
Schinus,SM18S11,7,4_1,2,18,5,42,1.5,1.7,1.6,4.2,0,0,0,0,0,0,0,0,1.185049669,0.260950331,1.446,0.705065187,2.151065187,,,
Schinus,SM18S11,7,4_3,3,13,14,56,1.3,1.6,1.5,3,0,0,0,0,0,0,0,0,1.299445193,0.188554807,1.488,0.747116601,2.235116601,,,
Schinus,SM07S12,18,3_2,1,24,21,125,4.93,5.33,4.1,13.2,7,4,4,0,0,0,0,0,56.886,0.252,57.138,4.715133929,61.85313393,,,
Schinus,SM07S12,18,2_4,3,46,32,132,3.6,5.5,4.5,13.7,10,7,6,4,4,4,0,0,44.478,10.246,54.724,4.400906604,59.1249066,,,
Schinus,SM07S12,18,1_3,2,40,31,120,4.6,5.5,6.3,16.1,12,14,9,10,6,0,0,0,60.6,5.656,66.256,5.502321145,71.75832115,,,
Schinus,SM07S12,18,1_5,3,34,26,120,3.6,4.1,5.8,11,5.5,4.5,7.5,4,6,8,0,0,27.279,7.565,34.844,5.037394366,39.88139437,,,
Schinus,SM024S30,2,1_2,1,13,9,33,1.5,1.6,1.5,3.4,0,0,0,0,0,0,0,0,1.556664227,0,1.56,0.725133674,2.285133674,0.545686275,0.148917062,0.694603336
Schinus,SM024S30,2,1_4,1,6,5,20,1.48,1.3,1.4,3.1,0,0,0,0,0,0,0,0,1.25736014,0,1.26,0.822061548,2.082061548,0.470015983,0.33537603,0.805392013
Schinus,SM024S30,2,1_5,1,8.5,16,38,1.6,1.4,1.6,2.7,0,0,0,0,0,0,0,0,1.995056884,0,2,0.956390977,2.956390977,,,
Schinus,SM024S30,2,1_3,1,8,6,29,1.35,1.3,1.4,2.8,0,0,0,0,0,0,0,0,0.975271952,0,0.98,0.390498881,1.370498881,0.285836376,0.194727273,0.480563649
Schinus,SM07S40,18,2_6,2,34,26,120,1.6,3.1,2.9,7.35,5,3,3.5,0,0,0,0,0,2.918578841,2.590235502,5.51,1.617029028,7.127029028,,,
Schinus,SM07S40,18,2_2,3,30,26,90,3.5,4.3,3.8,11.3,12,8,3,4,0,0,0,0,15.43984515,9.883537435,25.32,2.489622273,27.80962227,,,
Schinus,SM07S40,18,3_1,6,38,38,150,4.15,6.45,4.85,16,12.5,10.5,10,9,0,0,0,0,25.63204225,21.29315775,46.9252,4.649350684,51.57455068,,,
Schinus,SM07S40,18,1_4,4,26,18,63,2.6,3.6,3.1,7.1,7,6,5,0,0,0,0,0,4.328435633,3.282368278,7.61,2.372169313,9.982169313,,,
Schinus,SM07S40,18,1_5,6,50,45,140,4.44,6.8,5.4,15.2,12,8,7,7,7.5,0,0,0,24.6518493,0,24.65,5.078446981,29.72844698,,,
Olive,O02S20,23,1_5,3,48,42,150,4.9,5.7,4.9,15.5,7,6,7,7.5,7.5,0,0,0,54.74068161,27.28856714,82.02924874,26.14789387,108.1771426,,,
Olive,O07S01,18,2_6,3,42,41,142,3.7,4.7,3.7,11.7,9,3.5,0,0,0,0,0,0,15.68363432,15.19413793,30.87777226,2.914777913,33.79255017,,,
Olive,O07S01,18,1_4,4,48,33,125,3.1,3.6,3.45,9.1,4,3,4,6,0,0,0,0,14.232399,19.36592204,33.59792502,14.23151959,47.82944461,,,
Olive,O07S01,18,2_4,2,40,37,126,3.8,4.5,4.4,12.2,6,5,4,4,4,4,4,5,31.55286035,25.43748352,56.99034387,17.98771201,74.97805588,,,
Olive,O07S01,18,2_7,2,32,29,108,3.7,3.6,3.3,8.9,3,3,4,4,0,0,0,0,15.08765083,15.38504326,30.4726941,5.34721374,35.81990784,24.54370556,3.903027998,28.44673356
Olive,O07S03,18,1_8,2,35,34,114,2.8,2.6,2.2,4.9,5,5,7,4,0,0,0,0,19.59197703,5.904523595,25.49650062,5.060560654,30.55706127,,,
Olive,O07S03,18,1_10,7,31,28,114,3.7,5,3.6,13,6,5,4,4,4.5,5,4,0,38.63185752,15.31073329,53.94259081,12.554545,66.49713581,83.8637757,3.371851531,87.23562723
Olive,O07S03,18,1_7,2,17,14,57,2.7,1.7,1.4,4.1,0,0,0,0,0,0,0,0,3.522921412,0,3.522921412,2.9295,6.452421412,,,
Olive,O07S03,18,1_2,2,18,13,57,2.45,3.4,2.5,5.7,0,0,0,0,0,0,0,0,7.804544365,0,7.804544365,5.146,12.95054437,,,
Olive,O07S04,18,1_1,4,30,24,96,2.7,2.8,2.45,6.7,3,3,2,0,0,0,0,0,13.31607418,0,13.31607418,4.427789937,17.74386412,,,
Olive,O07S04,18,1_5,2,31,30,100,2.3,2.7,2.3,5,0,0,0,0,0,0,0,0,8.325246423,0,8.325246423,3.527072546,11.85231897,,,
Olive,O07S04,18,1_4,3,25,25,90,2.8,2.4,2.3,5.6,4,3,0,0,0,0,0,0,10.96356613,0,10.96356613,4.381438059,15.34500419,,,
Olive,O07S60,18,1_6,4,56,33,150,4.75,5.55,5.7,15.9,4,5,5,7,11,10,5.5,0,55.85496223,37.83673171,93.69169394,13.39176716,107.0834611,,,
Olive,O07S60,18,1_8,5,65,36,210,4.2,6.7,6.5,15.6,5,5,5,5,11,6,8.5,0,52.96019411,35.64708224,88.60727635,15.73525605,104.3425324,85.88166817,8.133262332,94.0149305
Olive,O08S07,17,1_6,2,36,23,90,2.5,1.5,1.4,3.5,0,0,0,0,0,0,0,0,4.722754596,0,4.722754596,1.878746487,6.601501083,,,
Olive,O08S07,17,1_5,3,26,22,66,1.1,1.33,1.9,4.5,0,0,0,0,0,0,0,0,2.587136298,0,2.587136298,1.292166472,3.87930277,,,
Olive,O08S07,17,1_2,2,26,24,74,3.22,3.3,2.9,7.7,5.5,4,0,0,0,0,0,0,8.487957342,7.09475,15.58270734,2.884679182,18.46738652,,,
Olive,O08S10,17,2_2,5,51,20,138,3.5,3.25,3.2,11.2,5.5,5,6,0,0,0,0,0,32.06949299,18.60075022,50.67024321,5.442718092,56.1129613,,,
Olive,O08S10,17,3_6,2,38,19,110,3,3.6,3.3,10.4,8,5,0,0,0,0,0,0,25.24535714,8.396071535,33.64142868,8.84821763,42.48964631,,,
Olive,O08S10,17,1_2,2,22,20,96,3.35,3.75,3.95,10.7,4,5,3.5,0,0,0,0,0,18.45276783,12.96425,31.41701783,6.166284666,37.5833025,34.31452124,4.708859357,39.0233806
Olive,O14S12,11,1_2,1,7,6,28,1.4,0.6,0.5,1.4,0,0,0,0,0,0,0,0,0.542157264,0,0.542157264,0.388440367,0.930597631,0.472188612,0.248259232,0.720447845
Olive,O14S12,11,1_3,2,7,6,24,1.3,0.5,0.4,1.01,0,0,0,0,0,0,0,0,0.400857143,0,0.400857143,0.332984648,0.733841791,,,
Olive,O14S12,11,3_1,2,7,6,24,1.9,0.7,0.55,1.5,0,0,0,0,0,0,0,0,0.604797994,0,0.604797994,0.382965701,0.987763695,,,
Olive,O14S12,11,1_5,1,4.5,4,21,1.4,0.7,0.6,1.1,0,0,0,0,0,0,0,0,0.446,0,0.446,0.311317943,0.757317943,0.333301843,0.259299674,0.592601518
Olive,O14S15,11,2_9,1,19,13,57,2.4,2.1,2,6.1,0,0,0,0,0,0,0,0,2.204342922,4.12645736,6.330800281,3.357191044,9.687991325,,,
Olive,O14S15,11,1_10,1,17,12,55,2.3,2,2.9,4.8,0,0,0,0,0,0,0,0,6.487007255,0,6.487007255,2.356657469,8.843664724,1.073859269,0.318421308,1.392280576
Olive,O14S15,11,1_6,1,15,16,56,3.1,2.2,2.1,5,0,0,0,0,0,0,0,0,2.513376206,3.935935994,6.449312199,2.390782244,8.840094443,0.717806094,0.339553631,1.057359725
Olive,O14S15,11,4_4,1,12,10,51,2.6,1.9,1.8,1.8,0,0,0,0,0,0,0,0,6.474418605,0,6.474418605,5.983073442,12.45749205,,,
Olive,O16S14,9,2_5,2,6.5,6,28,1.28,0.7,0.65,1.7,0,0,0,0,0,0,0,0,0.68172888,0,0.68172888,0.451717557,1.133446437,,,
Olive,O16S14,9,1_7,1,8,7,30,1.54,0.6,0.5,1.5,0,0,0,0,0,0,0,0,1.115679522,0,1.115679522,0.602459016,1.718138538,,,
Olive,O16S14,9,4_6,2,6,4,21,1.3,0.4,0.3,0.9,0,0,0,0,0,0,0,0,4.534857143,0,4.534857143,0.319172414,4.854029557,,,
Olive,O16S14,9,1_14,1,6,4,21,0.98,0.6,0.6,1.4,0,0,0,0,0,0,0,0,0.4875,0,0.4875,0.325574351,0.813074351,,,
Olive,O16S14,9,4_8,1,6,4,21,1.35,0.8,0.7,1.5,0,0,0,0,0,0,0,0,0.637872733,0,0.637872733,0.408875097,1.04674783,,,
Olive,O16S14,9,1_5,1,3,3,14,1.19,0.5,0.45,1.2,0,0,0,0,0,0,0,0,0.386158798,0,0.386158798,0.235739575,0.621898373,,,
Olive,O16S14,9,1_4,1,2,2,9,0.85,0.57,0.4,0.3,0,0,0,0,0,0,0,0,0.22425,0,0.22425,0.098430657,0.322680657,,,
Olive,O16S14,9,2_10,1,4,3.5,20,1.4,0.4,0.3,0.9,0,0,0,0,0,0,0,0,0.474921237,0,0.474921237,0.185174172,0.660095409,,,
Olive,O16S16,9,1_5,1,10,9.5,22,1.5,1.3,1.15,2.6,0,0,0,0,0,0,0,0,1.672507214,0,1.672507214,1.065245002,2.737752216,,,
Olive,O16S16,9,1_4,3,11,6,33,1.55,0.8,0.7,1.9,0,0,0,0,0,0,0,0,1.369480929,0,1.369480929,0.911031175,2.280512104,,,
Olive,O16S16,9,1_8,2,10.5,6,31,1.4,1.1,0.9,2.1,0,0,0,0,0,0,0,0,0.992778297,0,0.992778297,0.737753797,1.730532094,,,
Olive,O16S16,9,1_14,1,7,6.5,24,1.35,1.1,0.8,2.1,0,0,0,0,0,0,0,0,1.017635283,0,1.017635283,0.632391131,1.650026414,,,
Olive,O18S06,7,1_2,1,6,3,20,1.2,1.1,0.8,2.1,0,0,0,0,0,0,0,0,0.613287371,0,0.613287371,0.568745004,1.182032375,0.70361413,0.45729564,1.160909771
Olive,O18S06,7,1_5,1,7,3,22,0.95,0.58,0.3,1.01,0,0,0,0,0,0,0,0,0.208,0,0.208,0.184689655,0.392689655,,,
Olive,O18S06,7,1_3,1,6,4,24,1.25,0.6,0.4,1.01,0,0,0,0,0,0,0,0,0.250786993,0,0.250786993,0.208004808,0.458791801,,,
Olive,O18S06,7,1_6,1,3,3,14,1.2,0.8,0.4,1.5,0,0,0,0,0,0,0,0,0.256219512,0,0.256219512,0.154135802,0.410355314,,,
Olive,O18S09,7,1_1,1,9,3,15,1.01,0.8,0.7,1.4,0,0,0,0,0,0,0,0,0.119075547,0,0.119075547,0.111360634,0.230436181,,,
Olive,O18S09,7,1_3,1,4,5,13,1.8,0.7,0.5,1.2,0,0,0,0,0,0,0,0,0.335807171,0,0.335807171,0.163367374,0.499174545,,,
Olive,O18S09,7,1_4,1,3,2,10,1.01,0.5,0.36,0.8,0,0,0,0,0,0,0,0,0.087864078,0,0.087864078,0.0588,0.146664078,,,
Olive,O18S11,7,1_5,2,11,9.5,37,1.7,3.9,1.4,3.9,0,0,0,0,0,0,0,0,1.609328657,0,1.609328657,1.36875,2.978078657,1.097828494,0.482894183,1.580722676
Olive,O18S17,7,2_4,1,10,8,31,1.7,1.6,0.9,3.3,0,0,0,0,0,0,0,0,1.460589255,0,1.460589255,0.893200119,2.353789374,,,
Olive,O18S17,7,2_3,1,17,8,44,1.6,0.6,0.5,1.4,0,0,0,0,0,0,0,0,0.479793637,0,0.479793637,0.378363425,0.858157062,,,
Olive,O18S18,7,1_9,2,12,10,43,1.6,1.1,1.25,2.5,0,0,0,0,0,0,0,0,0.981580628,0,0.981580628,0.867067465,1.848648093,,,
Olive,O18S30,7,1_5,2,7.5,7,29,1.55,1,0.95,2.2,0,0,0,0,0,0,0,0,1.25270428,0,1.25270428,0.699670207,1.952374487,,,
Olive,O18S30,7,1_3,1,11,10,32,1.5,1,1.17,2.2,0,0,0,0,0,0,0,0,0.860098599,0,0.860098599,0.706162679,1.566261278,,,
Olive,O19S13,6,2_5,2,12,6,40,1.55,1.1,1,2.4,0,0,0,0,0,0,0,0,1.246058874,0,1.246058874,0.705670471,1.951729345,,,
Olive,O19S13,6,1_4,2,12,9,38,2.6,1.7,1.6,4.2,0,0,0,0,0,0,0,0,7.496947,0,7.496947,2.909034029,10.40598103,,,
Olive,O19S13,6,3_2,1,8,7,31,1.8,1.15,1.1,2.6,0,0,0,0,0,0,0,0,1.35439819,0,1.35439819,1.238530748,2.592928938,,,
Olive,O19S13,6,1_2,1,8,3.5,26,1.3,1,0.8,2.2,0,0,0,0,0,0,0,0,1.3425,0,1.3425,0.553941742,1.896441742,,,
Olive,O19S13,6,3_4,2,7,6,22,1.9,1.2,1,2.3,0,0,0,0,0,0,0,0,1.525687702,0,1.525687702,1.069569409,2.595257111,,,
Olive,O20S19,5,1_10,2,10,8,27,1.35,0.8,0.7,1.6,0,0,0,0,0,0,0,0,0.593119382,0,0.593119382,0.361214586,0.954333968,0.317380016,0.107499363,0.424879379
Olive,O20S19,5,1_7,2,13,5,32,1.1,0.6,0.4,1.1,0,0,0,0,0,0,0,0,0.22170581,0,0.22170581,0.174058567,0.395764377,,,
Olive,O20S19,5,1_1,1,9,8,33,1.4,1.1,1,2.4,0,0,0,0,0,0,0,0,1.074713376,0,1.074713376,0.729428571,1.804141947,0.473932092,0.17960177,0.653533862
Eucalyptus,E06S01,19,1_1,1,21.5,15.5,46,7.2,5.8,3.87,13.5,11,10,0,0,0,0,0,0,842.1436782,172.02,1014.163678,30.159,1044.322678,60.14742857,12.28424911,72.43167768
Eucalyptus,E06S01,19,1_8,2,28,17,80,6.9,6.4,5.9,6.5,6.5,8.5,0,0,0,0,0,0,475.422925,74.9255,550.348425,22.21,572.558425,45.33202742,24.63189975,69.96392718
Eucalyptus,E02S02,23,4_3,3,44,41,140,8.78,7.2,6.1,15,21,7.5,0,0,0,0,0,0,961.3889571,202.42625,1163.815207,40.001,1203.816207,,,
Eucalyptus,E02S02,23,3_3,5,51,40,142,8.1,8.7,8.4,14.5,17.5,11,0,0,0,0,0,0,605.4299655,227.5415,832.9714655,33.4404,866.4118655,,,
Eucalyptus,E02S02,23,5_3,7,45,41,148,9.82,7.3,9.2,13,13,12,12,12,13,12,0,0,636.9453576,310.0565,947.0018576,43.615,990.6168576,,,
Eucalyptus,E02S02,23,5_2,8,37,37,123,8.53,9.7,9.2,9.5,12,8,10,10.5,9,11.5,10,0,1043.632158,406.124,1449.756158,35.962,1485.718158,,,
Eucalyptus,E02S02,23,4_2,4,32,32,100,7.13,8.7,5.7,12.5,11,8,8.5,0,0,0,0,0,591.297328,90.17775,681.475078,26.238,707.713078,56.74937656,30.38258443,87.13196099
Eucalyptus,E02S02,23,6_1,2,37,34,115,10.37,4.8,4.2,4,5.5,4.5,6.5,10,9,0,0,0,692.1748416,213.6135,905.7883416,32.316,938.1043416,122.5192867,37.93749618,160.4567829
Eucalyptus,E02S03,23,1_2,3,35,31,120,7.85,4.4,3.3,19,4,3,0,0,0,0,0,0,853.8019292,60.06095703,913.8628862,27.278,941.1408862,,,
Eucalyptus,E02S03,23,2_2,3,27,26,90,8.75,4.1,3.4,13.5,7.5,6.5,0,0,0,0,0,0,1021.07394,60.72859582,1081.802536,28.325,1110.127536,,,
Eucalyptus,E02S03,23,3_3,2,31,18,90,8.64,9.1,5,11,4,0,0,0,0,0,0,0,458.5902842,103.805,562.3952842,28.499,590.8942842,,,
Eucalyptus,E02S03,23,4_4,2,34,30,110,8.42,7.6,6.6,22.5,9,0,0,0,0,0,0,0,1233.006384,176.878,1409.884384,44.632,1454.516384,,,
Eucalyptus,E02S03,23,5_5,3,29,19,70,10.02,4.1,3.5,13.5,7,8,0,0,0,0,0,0,758.929621,95.1665,854.096121,25.046,879.142121,,,
Eucalyptus,E13S06,12,1_5,1,27.5,24,82,5.73,4.5,4.3,11,18,0,0,0,0,0,0,0,473.0279018,72.49775,545.5256518,20.634,566.1596518,,,
Eucalyptus,E13S06,12,1_6,1,30,35,103,9.18,4,4,9.1,22,0,0,0,0,0,0,0,676.0475125,143.845,819.8925125,28.802,848.6945125,74.72154341,12.32581095,87.04735436
Eucalyptus,E13S06,12,1_2,1,21,20,64,5.46,2.1,2,5.35,9,0,0,0,0,0,0,0,447.3922917,16.393,463.7852917,18.441,482.2262917,38.72530478,2.052629882,40.77793466
Eucalyptus,E04S07,21,1_1,1,43,41,142,10.31,6.55,7.5,36,0,0,0,0,0,0,0,0,1076.282813,479.969,1556.251813,34.943,1591.194813,,,
Eucalyptus,E04S07,21,1_6,5,100,50,340,9.37,9.2,7.2,23,13,11,10,0,0,0,0,0,1277.902541,534.122,1812.024541,40.683,1852.707541,,,
Eucalyptus,E04S07,21,2_3,1,63,61,215,12.55,9.8,9.3,53,27,0,0,0,0,0,0,0,1064.3945,583.7524527,1648.146953,35.458,1683.604953,,,
Eucalyptus,E04S07,21,2_8,7,56,60,230,7.57,5.2,4.6,7,22,20,7,9,6,4,0,0,939.016,458.3465,1397.3625,34.866,1432.2285,,,
Eucalyptus,E04S08,21,1_1,2,14,10,30,4.3,1.3,1.5,10.3,0,0,0,0,0,0,0,0,318.064433,17.7875,335.851933,20.906,356.757933,,,
Eucalyptus,E04S08,21,1_6,6,80,39,245,10.44,9,8.9,15,18,16,27,0,0,0,0,0,1227.649038,457.1609,1684.809938,27.646,1712.455938,,,
Eucalyptus,E04S08,21,2_2,1,27,26,90,9.33,3.8,3.1,25,0,0,0,0,0,0,0,0,1361.747051,88.27325,1450.020301,29.42,1479.440301,,,
Eucalyptus,E04S09,21,1_1,1,44,44,145,11.6,9.6,8.33,46,0,0,0,0,0,0,0,0,676.282813,579.969,1256.251813,46.143,1302.394813,,,
Eucalyptus,E06S12,19,4_4,2,46,23,110,7.8,8.6,6.2,10.5,11,11,0,0,0,0,0,0,624.7844864,123.4805,748.2649864,26.4,774.6649864,,,
Eucalyptus,E06S12,19,3_4,4,36,33,110,6.63,5.7,4.4,9,9,9.5,0,0,0,0,0,0,560.4523138,50.2905,610.7428138,26.186,636.9288138,,,
Eucalyptus,E06S12,19,3_10,1,34,36,120,9.6,6.4,6.3,31,5,5,0,0,0,0,0,0,558.5548879,132.4635,691.0183879,25.374,716.3923879,,,
Eucalyptus,E06S12,19,3_5,5,31,23,90,7.31,8.9,7.5,11,9.5,7.5,0,0,0,0,0,0,446.7483494,116.792,563.5403494,28.102,591.6423494,,,
Eucalyptus,E06S12,19,1_1,2,39,16,100,9.4,7,6.7,4.5,8,7.5,15,0,0,0,0,0,687.7921683,148.47375,836.2659183,25.12,861.3859183,,,
Eucalyptus,E06S12,19,2_8,1,19,18.5,65,8.82,5.1,4.9,17,0,0,0,0,0,0,0,0,695.6788897,105.8282668,801.5071565,25.558,827.0651565,,,
Eucalyptus,E02S13,23,1_1,1,37,32,120,9.76,6.8,5.7,32,20,22,18,0,0,0,0,0,1053.372683,170.0902481,1223.462931,22.121,1245.583931,,,
Eucalyptus,E02S13,23,1_6,2,52,29,150,8.3,8.4,8.6,25,20,11,0,0,0,0,0,0,888.711597,181.0667485,1069.778346,27.241,1097.019346,,,
Eucalyptus,E02S14,23,1_4,3,48,30,130,6.8,9.2,6.1,13,13.5,14.5,10.5,0,0,0,0,0,1021.959661,176.7012,1198.660861,27.606,1226.266861,,,
Eucalyptus,E02S15,23,1_1,3,80,55,210,9.15,8.5,10.5,19,13.5,6,19,16,0,0,0,0,1491.731331,442.6255,1934.356831,47.198,1981.554831,,,
Eucalyptus,E02S15,23,1_6,1,25,25,90,9.88,5.9,4.5,22,0,0,0,0,0,0,0,0,941.3815,123.4724535,1064.853954,32.88,1097.733954,,,
Eucalyptus,E06S20,19,1_4,1,30,41,122,8.4,6.6,5.9,24,24,0,0,0,0,0,0,0,1216.363852,318.15875,1534.522602,36.209,1570.731602,,,
